COMUNA,n_per,n_hog,n_vp,n_hombres,n_mujeres,n_edad_0_5,n_edad_6_13,n_edad_14_17,n_edad_18_24,n_edad_25_44,n_edad_45_59,n_edad_60_mas,n_inmigrantes,n_estcivcon_casado,n_estcivcon_conviviente,n_estcivcon_conv_civil,n_estcivcon_anul_sep_div,n_estcivcon_viudo,n_estcivcon_soltero,n_cine_primaria,n_cine_secundaria,n_cine_terciaria_maestria_doctorado,n_analfabet,n_ocupado,n_desocupado,n_fuera_fuerza_trabajo,n_cise_rec_independientes,n_cise_rec_dependientes,n_transporte_auto,n_transporte_publico,n_transporte_camina,n_transporte_bicicleta,n_transporte_motocicleta,n_hog_unipersonales,n_hog_60,n_hog_menores,n_jefatura_mujer,n_tenencia_propia_pagada,n_tenencia_propia_pagandose,n_tenencia_arrendada_contrato,n_tenencia_arrendada_sin_contrato,n_tenencia_cedida_trabajo,n_tenencia_cedida_familiar,n_tenencia_otro,n_tipo_viv_casa,n_tipo_viv_depto,n_tipo_viv_mediagua,n_tipo_viv_pieza,n_viv_hacinadas,n_viv_irrecuperables,n_deficit_cuantitativo,n_serv_compu,n_internet,n_comb_cocina_gas,n_comb_cocina_lena,n_comb_calefaccion_lena,n_fuente_agua_publica,n_fuente_agua_pozo,n_fuente_agua_camion,n_fuente_agua_rio,n_serv_hig_alc_dentro,n_serv_hig_fosa,n_serv_hig_no_tiene,pct_cedida_familiar,pct_arrendada_sin_contrato,pct_propia_pagada,pct_propia_pagandose,pct_mediagua,pct_hacinamiento,pct_viv_irrecuperable,pct_deficit_cuanti,pct_sin_agua_red,pct_sin_alcantarillado,pct_internet,pct_inmigrantes,pct_adulto_mayor,pct_ninos,pct_jefa_hogar,pct_hog_unipersonal,pct_profesional,pct_analfabeto,pct_desocupado,pct_independiente,pct_divorciado,pct_soltero,pct_viudo,pct_auto,pct_transporte_publico,pct_bicicleta,pct_camina,idx_precariedad_hab,idx_vulnerabilidad,idx_privilegio
ALHUÉ,7739.0,2760.0,3301.0,3845.0,3894.0,608.0,870.0,409.0,631.0,2434.0,1328.0,1459.0,854.0,1756.0,1382.0,63.0,273.0,289.0,2362.0,3181.0,2552.0,1156.0,239.0,3517.0,291.0,2308.0,1106.0,2364.0,718.0,380.0,447.0,230.0,34.0,621.0,475.0,1086.0,1273.0,1873.0,23.0,141.0,366.0,54.0,225.0,78.0,3223.0,2.0,5.0,61.0,199.0,12.0,163.0,1432.0,2574.0,2688.0,49.0,1133.0,2457.0,136.0,80.0,20.0,1407.0,1144.0,11.0,8.152173913043478,13.260869565217392,67.8623188405797,0.8333333333333334,0.1514692517418964,6.028476219327477,0.36352620418055137,4.937897606785822,7.14934868221751,34.98939715237807,93.26086956521739,11.035017444114228,18.852564930869622,19.098074686652023,46.1231884057971,22.5,14.937330404445017,3.0882542964207262,7.6418067226890765,14.29125209975449,3.5275875436102853,30.520739113580564,3.7343326011112543,9.277684455355988,4.910195115648016,2.9719602015764313,5.775940043933325,4.840250977964517,13.974025880766977,45.34760557762209
BUIN,114412.0,36678.0,41484.0,55252.0,59160.0,8737.0,13917.0,6500.0,10042.0,37916.0,19741.0,17559.0,5054.0,29310.0,17765.0,1081.0,5062.0,3436.0,33079.0,41366.0,33567.0,27934.0,1629.0,51672.0,4253.0,33564.0,17528.0,33452.0,19144.0,13826.0,3083.0,2517.0,806.0,5250.0,4101.0,16020.0,17734.0,14633.0,11495.0,4469.0,1708.0,437.0,2888.0,1042.0,40828.0,362.0,133.0,55.0,1947.0,295.0,2152.0,22379.0,35000.0,35888.0,122.0,5168.0,33996.0,1371.0,301.0,67.0,29315.0,5188.0,58.0,7.873929876220077,4.656742461421015,39.895850373520915,31.340312994165444,0.3206055346639668,4.693375759328898,0.7111175392922573,5.1875421849387715,4.191977629929611,12.645839359753158,95.42505043895522,4.417368807467748,15.34716638114883,19.8003705904975,48.35050984241234,14.313757565843286,24.415271125406427,1.4238016991224698,7.604827894501565,15.320071321190085,4.424361081005489,28.91217704436598,3.003181484459672,16.732510575813723,12.08439674160053,2.199944061811698,2.6946474146068593,3.294845282234246,13.451238151874751,41.72484865263199
CALERA DE TANGO,24423.0,7486.0,8029.0,12049.0,12374.0,1407.0,2600.0,1444.0,2385.0,6690.0,4965.0,4932.0,652.0,7238.0,3005.0,156.0,1098.0,936.0,7558.0,9105.0,7760.0,5531.0,499.0,10863.0,736.0,8313.0,4093.0,6571.0,5157.0,2238.0,688.0,540.0,144.0,1003.0,1090.0,2805.0,3226.0,4397.0,758.0,608.0,456.0,255.0,892.0,119.0,7968.0,2.0,11.0,21.0,412.0,56.0,417.0,4398.0,7152.0,7288.0,21.0,1230.0,5956.0,1178.0,165.0,22.0,3257.0,3709.0,16.0,11.915575741383917,6.091370558375635,58.73630777451242,10.125567726422656,0.1370033628098144,5.131398679785777,0.6974716652136007,5.1936729356084195,17.000871839581517,46.394320587868975,95.53833823136522,2.6696147074478973,20.19407935143103,16.40666584776645,43.09377504675394,13.398343574672722,22.646685501371657,2.043156041436351,6.3453746012587295,16.75879294108013,4.495762191376981,30.94623920075339,3.8324530156000494,21.115342095565655,9.163493428325758,2.211030585923105,2.817016746509438,4.18566020377574,12.148571842246191,47.7456340481514
CERRILLOS,81648.0,26978.0,30443.0,39417.0,42231.0,5140.0,8705.0,4345.0,8342.0,24680.0,15028.0,15408.0,10600.0,19733.0,10959.0,608.0,4189.0,3364.0,27485.0,30239.0,27509.0,16053.0,1279.0,36188.0,3418.0,26508.0,13015.0,22491.0,9542.0,17602.0,2088.0,767.0,615.0,4854.0,3941.0,9840.0,14111.0,12086.0,4994.0,3794.0,2241.0,141.0,2367.0,1298.0,20945.0,9038.0,94.0,263.0,1827.0,216.0,2489.0,14152.0,25427.0,26154.0,12.0,46.0,25545.0,185.0,159.0,61.0,24581.0,714.0,26.0,8.773815701682853,8.306768478019126,44.79946623174438,18.51137964267181,0.30877377393817956,6.001379627500575,0.7095227145813487,8.175935354597117,1.330355089840029,2.430772262917584,94.25087108013938,12.982559278855573,18.871252204585538,16.956937095825985,52.30558232633998,17.992438283045445,19.661228689006467,1.5664805016656866,8.630005554713932,15.940378208896727,5.130560454634528,33.662796394277876,4.120125416421713,11.686752890456594,21.558397021359983,0.9393983931020968,2.5573192239858904,4.301567967263414,14.879020487063755,40.525733270344446
CERRO NAVIA,124888.0,40969.0,39200.0,61082.0,63806.0,7705.0,12649.0,6499.0,12481.0,35295.0,24302.0,25957.0,11706.0,27811.0,16856.0,990.0,6958.0,6445.0,43344.0,55168.0,44813.0,12851.0,2687.0,52273.0,6835.0,42990.0,16637.0,34791.0,10126.0,28382.0,3344.0,1785.0,866.0,7862.0,6389.0,14356.0,21933.0,20617.0,1585.0,4896.0,5143.0,223.0,6557.0,1934.0,34136.0,4366.0,154.0,434.0,3761.0,290.0,6209.0,17125.0,37087.0,40396.0,34.0,91.0,37569.0,26.0,10.0,22.0,35955.0,81.0,26.0,16.00478410505504,12.553394029632162,50.32341526520052,3.8687788327760013,0.3928571428571429,9.59438775510204,0.7397959183673469,15.839285714285714,0.14795918367346939,0.2729591836734694,90.52454294710634,9.373198385753636,20.7842226635065,16.297802831336877,53.535600087871316,19.190119358539384,10.290019857792581,2.1515277688809173,11.563578534208567,13.321536096342324,5.571391967202613,34.706296841970406,5.160623919031452,8.10806482608417,22.72596246236628,1.4292806354493628,2.677599128819422,6.945844067141857,17.082939783280477,37.910552091536026
COLINA,170364.0,49905.0,53753.0,85415.0,84949.0,13929.0,23758.0,10972.0,16304.0,53307.0,32390.0,19704.0,21128.0,48297.0,21380.0,1442.0,6202.0,3625.0,48314.0,63567.0,44200.0,43333.0,2523.0,74008.0,5290.0,49601.0,27150.0,45741.0,33603.0,17532.0,3448.0,920.0,895.0,6204.0,4405.0,24661.0,23051.0,20973.0,15245.0,6233.0,3728.0,433.0,2441.0,841.0,49857.0,3468.0,227.0,84.0,3091.0,408.0,3141.0,30085.0,47815.0,47163.0,107.0,2791.0,44440.0,3327.0,1036.0,136.0,40891.0,6460.0,27.0,4.891293457569382,7.470193367398056,42.0258491133153,30.548041278429018,0.422302011050546,5.750376723159638,0.7590274031216863,5.8433947872676875,8.36976540844232,12.06816363737838,95.8120428814748,12.40168110633702,11.565823765584279,22.121457584935786,46.18976054503557,12.431620078148482,25.435538024465266,1.4809466788758188,6.671038361623244,15.936465450447276,3.6404404686436105,28.359277781690967,2.127796952407786,19.724237514967953,10.290906529548497,0.5400201920593553,2.0239017632833227,3.566034457525556,12.656489566844343,43.345672220622724
CONCHALÍ,120365.0,40238.0,38336.0,58443.0,61922.0,6525.0,11888.0,6041.0,11404.0,34582.0,22844.0,27081.0,16882.0,27254.0,15887.0,1089.0,7282.0,6563.0,42052.0,45251.0,44552.0,20964.0,1777.0,54640.0,5838.0,39478.0,18247.0,35606.0,11809.0,28993.0,3500.0,1725.0,990.0,7803.0,6614.0,13223.0,20863.0,16329.0,3549.0,7828.0,4707.0,516.0,4534.0,2772.0,30662.0,6609.0,27.0,902.0,3166.0,207.0,6409.0,20606.0,37586.0,39241.0,32.0,55.0,36439.0,25.0,15.0,10.0,34918.0,44.0,31.0,11.267955663800388,11.697897509816592,40.58104279536756,8.820020875789055,0.07042988313856427,8.25855592654424,0.5399624373956594,16.717967445742904,0.13042570951585977,0.19563856427378964,93.40921516974005,14.025671914593113,22.4990653429153,15.29763635608358,51.84899845916795,19.392116904418707,17.417023221036015,1.4763427906783533,9.653096993948212,15.15972251069663,6.049931458480455,34.93706642296349,5.452581730569517,9.81099156731608,24.087566983757736,1.4331408632077431,2.9078220412910727,5.658593543655234,15.28251069525263,38.0434611523323
CURACAVÍ,34323.0,11701.0,13919.0,16790.0,17533.0,2044.0,3745.0,1874.0,3011.0,9664.0,6518.0,7467.0,1179.0,8872.0,5069.0,240.0,1820.0,1392.0,10565.0,13470.0,10783.0,7065.0,716.0,14828.0,1514.0,11553.0,5505.0,9034.0,4401.0,3606.0,1325.0,807.0,223.0,2075.0,2076.0,4112.0,5806.0,6992.0,1096.0,1098.0,628.0,255.0,1292.0,337.0,13745.0,72.0,30.0,16.0,619.0,101.0,630.0,5891.0,10707.0,11391.0,57.0,2070.0,8937.0,1931.0,553.0,34.0,7508.0,3663.0,24.0,11.041791299888898,5.367062644218443,59.75557644645757,9.366720793094608,0.2155327250520871,4.447158560241396,0.7256268410086931,4.526187226093828,18.09038005603851,26.488971908901505,91.5049995726861,3.435014421816275,21.75509133816974,16.866241295924016,49.619690624732925,17.733527048970174,20.583865046761645,2.0860647379308332,9.264471912862563,16.038807796521283,5.302566791947091,30.78110887742913,4.055589546368324,12.822305742505025,10.50607464382484,2.351193077528188,3.8603851644669755,3.7976309869390406,15.348545990116538,44.96729351100399
EL BOSQUE,151990.0,49023.0,49136.0,73903.0,78087.0,8902.0,15812.0,8423.0,15535.0,42861.0,27238.0,33219.0,10028.0,35629.0,19623.0,1047.0,8545.0,7446.0,52347.0,61484.0,54779.0,22106.0,2844.0,64497.0,7561.0,52305.0,23984.0,39522.0,13126.0,33996.0,4677.0,1348.0,875.0,8551.0,8087.0,17463.0,26602.0,25268.0,3523.0,6357.0,4941.0,355.0,5835.0,2740.0,39587.0,9172.0,31.0,188.0,3666.0,227.0,5604.0,23844.0,45575.0,48377.0,25.0,130.0,46170.0,25.0,8.0,11.0,45086.0,38.0,33.0,11.902576341717152,10.078942537176427,51.54315321379761,7.186422699549191,0.0630901986323673,7.460924780201888,0.4619830674047542,11.405079778573754,0.08954737870400521,0.1444969065450993,92.96656671358342,6.597802487005724,21.85604316073426,16.260280281597474,54.26432490871632,17.442832955959446,14.544377919599974,1.8711757352457399,10.492936245801992,15.77998552536351,5.622080400026317,34.44108165010856,4.8990065135864205,8.636094479899993,22.36726100401342,0.8869004539772354,3.077176130008553,5.29057283346217,16.22689811089944,40.146791578715955
EL MONTE,36913.0,11925.0,13140.0,18035.0,18878.0,2353.0,4496.0,2158.0,3330.0,10704.0,6749.0,7123.0,902.0,9041.0,5555.0,239.0,1918.0,1341.0,11278.0,15714.0,12261.0,5421.0,917.0,15890.0,1698.0,11722.0,5006.0,10592.0,5278.0,4440.0,1223.0,1347.0,238.0,1898.0,1800.0,4774.0,6273.0,7185.0,840.0,1067.0,969.0,203.0,1249.0,412.0,12450.0,591.0,64.0,11.0,793.0,82.0,754.0,5555.0,10993.0,11705.0,65.0,1776.0,10375.0,1193.0,96.0,27.0,8463.0,2861.0,36.0,10.473794549266248,8.125786163522013,60.25157232704402,7.044025157232705,0.4870624048706241,6.035007610350076,0.624048706240487,5.73820395738204,10.015220700152208,22.04718417047184,92.18448637316563,2.443583561346951,19.296724731124538,18.55443881559342,52.60377358490565,15.916142557651991,14.685883022241486,2.484219651613253,9.654309756652262,13.561617858207137,5.1960014087177955,30.55292173489015,3.6328664698073854,14.29848562836941,12.028282718825347,3.649120905913906,3.31319589304581,4.552113667040005,15.991980963588716,43.77783100509266
ESTACIÓN CENTRAL,179223.0,67036.0,75310.0,87560.0,91663.0,12054.0,16892.0,7842.0,18836.0,68118.0,28128.0,27353.0,68355.0,36303.0,33502.0,1855.0,8233.0,5882.0,61672.0,54097.0,65179.0,42940.0,1523.0,95766.0,7820.0,43191.0,33482.0,61222.0,13541.0,58574.0,6668.0,1946.0,1865.0,15979.0,7337.0,21568.0,33012.0,15896.0,5665.0,32890.0,6773.0,420.0,3637.0,1746.0,25826.0,45741.0,60.0,3476.0,9934.0,251.0,12239.0,31959.0,64270.0,41381.0,22.0,44.0,64271.0,29.0,13.0,7.0,61612.0,41.0,18.0,5.425443045527776,10.103526463392804,23.712632018616866,8.45068321498896,0.07967069446288673,13.190811313238616,0.3332890718364095,16.25149382552118,0.06506440047802417,0.07834284955517196,95.87385882212543,38.13963609581359,15.261992043431928,16.150828855671424,49.24518169341846,23.836446088668776,23.958978479324642,0.8497793251982168,7.549282721603305,18.681754015946613,4.593718440155561,34.410762011572174,3.2819448396690154,7.555391886086049,32.682189227945074,1.0857981397476886,3.720504622732573,5.72630466149942,13.35780128093288,34.98733329102475
HUECHURABA,100699.0,31569.0,30711.0,48881.0,51818.0,5882.0,11757.0,6307.0,10582.0,28059.0,21825.0,16287.0,8888.0,27789.0,12078.0,657.0,5397.0,3664.0,31596.0,33991.0,29384.0,28796.0,1251.0,47676.0,3951.0,29346.0,14720.0,32362.0,18639.0,16637.0,2719.0,813.0,630.0,4666.0,3576.0,12638.0,15738.0,11595.0,8795.0,4941.0,1826.0,139.0,3007.0,1259.0,24236.0,6134.0,206.0,65.0,1818.0,296.0,3623.0,21113.0,30080.0,29629.0,47.0,89.0,29030.0,59.0,214.0,21.0,28619.0,132.0,51.0,9.525167094301372,5.784155342266147,36.72906965694194,27.85960911020305,0.6707694311484484,5.9197030379994136,0.9638240369900035,11.797075966266158,0.9573117124157469,0.5958776985444955,95.2833475878235,8.826304134102623,16.173944130527612,17.516559250836654,49.85270360163451,14.780322468244163,28.596113168949046,1.2423162096942373,7.652972281945495,14.617821428216764,5.359536837505834,31.376677027577237,3.638566420719173,18.509617771775293,16.521514612856137,0.8073565775231134,2.700126118432159,4.151434020462172,13.756174560378234,42.35614791968705
INDEPENDENCIA,115162.0,44539.0,49440.0,55957.0,59205.0,7478.0,11395.0,5226.0,11262.0,43489.0,18874.0,17438.0,51058.0,22434.0,21278.0,1274.0,5270.0,3702.0,40619.0,32049.0,43484.0,29755.0,619.0,63366.0,4565.0,26505.0,20280.0,42443.0,9506.0,35699.0,6993.0,2112.0,1560.0,12075.0,5123.0,14257.0,21795.0,7628.0,3816.0,23779.0,5589.0,259.0,2039.0,1428.0,14786.0,31286.0,16.0,3241.0,6034.0,127.0,7411.0,23106.0,42950.0,28326.0,15.0,14.0,42913.0,18.0,4.0,6.0,40804.0,28.0,8.0,4.578010283122656,12.548552953591235,17.126563236713892,8.567772064931857,0.032362459546925564,12.204692556634305,0.25687702265372164,14.989886731391586,0.05663430420711974,0.07281553398058252,96.43234019623252,44.33580521352529,15.142147583404247,16.388218335909414,48.93464155010216,27.111071196030444,25.837515847241278,0.5375036904534481,6.720054172616331,17.609975512755945,4.576162275750682,35.271183202792585,3.214602038866987,8.254458936107396,30.998940622774874,1.8339382782515063,6.07231552074469,5.690849372238476,12.829235435360564,33.82658355165454
ISLA DE MAIPO,38398.0,12673.0,14203.0,18932.0,19466.0,2380.0,4368.0,2225.0,3542.0,11189.0,7338.0,7356.0,1226.0,10470.0,5400.0,273.0,1952.0,1376.0,11505.0,15942.0,12041.0,6811.0,904.0,16396.0,1794.0,12731.0,5231.0,10905.0,6319.0,3477.0,828.0,1323.0,314.0,2068.0,1943.0,4948.0,6087.0,7483.0,1347.0,1128.0,750.0,226.0,1395.0,344.0,14072.0,4.0,15.0,34.0,751.0,85.0,773.0,6493.0,11779.0,12412.0,57.0,2617.0,10793.0,1485.0,61.0,13.0,5385.0,6652.0,36.0,11.00765406770299,5.918093584786554,59.046792393277045,10.62889607827665,0.10561149053016969,5.287615292543829,0.5984651130042948,5.442512145321412,10.976554249102302,47.08864324438499,92.94563244693443,3.1928746288869214,19.15724777332153,17.573831970415128,48.03124753412767,16.318156711118124,17.737903015782074,2.3542892859003075,9.862561847168774,13.62310537007136,5.083598104067921,29.962498046773266,3.583519974998698,16.456586280535447,9.055159122870982,3.4454919527058703,2.156362310537007,4.031504547366496,14.917182270717637,44.915852368211716
LA CISTERNA,101845.0,37513.0,41035.0,48483.0,53362.0,5803.0,9765.0,4947.0,9706.0,34850.0,16882.0,19892.0,19339.0,22829.0,16769.0,958.0,5683.0,4108.0,33883.0,28343.0,35314.0,29588.0,733.0,51609.0,4047.0,28532.0,15059.0,35878.0,11270.0,27400.0,3134.0,840.0,927.0,8356.0,5371.0,11870.0,19330.0,10667.0,5841.0,13978.0,2614.0,208.0,2550.0,1654.0,18983.0,21565.0,18.0,386.0,2330.0,137.0,3336.0,22781.0,35882.0,31179.0,13.0,34.0,36251.0,8.0,8.0,5.0,35617.0,22.0,13.0,6.7976434835923545,6.968251006317811,28.435475701756722,15.57060219124037,0.0438649932984038,5.678079688071159,0.3338613378822956,8.129645424637506,0.051175825514804436,0.08529304252467407,95.65217391304348,18.98865923707595,19.53164121950022,15.285973783690904,51.52880334817264,22.27494468584224,29.05199077028818,0.719721144877019,7.271453212591634,14.786194707643968,5.580048112327556,33.26918356325789,4.033580440866022,11.065835338013647,26.90362806225146,0.8247827581128184,3.077225195149492,3.5766424286345684,13.754083441370403,38.5898417918249
LA FLORIDA,371233.0,132153.0,142119.0,176484.0,194626.0,18603.0,34995.0,18189.0,35021.0,114719.0,67269.0,82314.0,34698.0,96116.0,51038.0,2839.0,21850.0,15547.0,124192.0,110321.0,119761.0,113217.0,3534.0,181204.0,15370.0,114407.0,56089.0,122702.0,48926.0,88592.0,8648.0,3204.0,2711.0,26271.0,21532.0,40197.0,67809.0,55400.0,25321.0,31182.0,7979.0,481.0,8576.0,3196.0,91879.0,49301.0,349.0,241.0,6030.0,745.0,10227.0,87122.0,127214.0,116869.0,57.0,238.0,126628.0,54.0,225.0,176.0,124710.0,1033.0,53.0,6.489447836976837,6.037698727989527,41.92110659614235,19.160367150197118,0.24556885427001315,4.242923184092205,0.5242085857626355,7.19608215650265,0.3201542369422808,0.7641483545479493,96.26266524407315,9.346690622870273,22.17313654766683,14.437832843524149,51.310980454473224,19.879230891466708,30.497558137342317,0.9519627834809944,7.818938415049804,15.108840000754242,5.885791403242707,33.45392246917704,4.18793587854528,13.179324036386852,23.86425775725757,0.8630698240727522,2.329534281704482,3.1199686980626673,13.780202000261548,43.6139972761374
LA GRANJA,110812.0,36676.0,36249.0,54106.0,56706.0,6116.0,11149.0,5675.0,10971.0,31567.0,19174.0,26160.0,8948.0,26441.0,13851.0,765.0,6252.0,5342.0,38980.0,45739.0,40362.0,15266.0,2022.0,47974.0,5271.0,38198.0,18551.0,28688.0,9928.0,25705.0,3378.0,1141.0,731.0,6722.0,6542.0,12456.0,18994.0,17522.0,3010.0,4874.0,4092.0,223.0,5005.0,1946.0,30018.0,6021.0,12.0,139.0,2852.0,120.0,3812.0,16979.0,33966.0,36127.0,42.0,95.0,34963.0,19.0,4.0,6.0,33394.0,34.0,24.0,13.646526338750137,11.157159995637473,47.775111789726246,8.207001854073509,0.033104361499627574,7.867803249744821,0.33104361499627577,10.516152169715026,0.0800022069574333,0.1600044139148666,92.61097175264477,8.074937732375554,23.6075515287153,15.580442551348227,51.788635620023996,18.328061947867816,13.776486301122622,1.8247121250406093,9.899521081791718,16.740966682308773,5.641988232321409,35.17669566472945,4.8207775331191565,8.959318485362596,23.196946179114175,1.029671876692055,3.048406309785944,5.776885538643341,15.631018541641275,38.779537474856134
LA PINTANA,173448.0,53320.0,52388.0,84123.0,89325.0,11736.0,20877.0,10937.0,18387.0,49758.0,29916.0,31837.0,7480.0,37595.0,23479.0,1103.0,8144.0,7085.0,60094.0,82701.0,59123.0,13618.0,4184.0,68877.0,9064.0,59223.0,29219.0,38782.0,12842.0,38615.0,4973.0,1292.0,942.0,8197.0,7293.0,21873.0,30011.0,33162.0,3750.0,4290.0,5370.0,361.0,4886.0,1492.0,44299.0,7883.0,28.0,18.0,4747.0,232.0,6689.0,21344.0,49137.0,52660.0,72.0,511.0,50029.0,31.0,11.0,28.0,49309.0,87.0,23.0,9.163540885221305,10.071267816954238,62.19429857464366,7.0330082520630155,0.053447354355959376,9.061235397419257,0.4428495075208063,12.768191188821868,0.13361838588989847,0.20997174925555473,92.1549137284321,4.312531709791983,18.35535722522024,18.802753563027537,56.28469617404351,15.373218304576145,7.851344495180111,2.412250357455837,11.629309349379659,16.845971126793042,4.6953553802868875,34.64669526313362,4.084797749181311,7.403948157372815,22.263156680964897,0.7448918407822518,2.8671417370047507,5.271932002432539,17.310066196878534,40.92546529810812
LA REINA,89300.0,30334.0,31356.0,41962.0,47338.0,4325.0,9118.0,4431.0,8403.0,23353.0,18220.0,21450.0,6196.0,29410.0,7708.0,517.0,5596.0,3959.0,27155.0,19546.0,20507.0,42586.0,556.0,44197.0,2644.0,27338.0,15348.0,28219.0,18714.0,13317.0,1956.0,1395.0,496.0,5350.0,5822.0,9394.0,14956.0,11937.0,7216.0,7104.0,1041.0,482.0,1858.0,691.0,24507.0,6730.0,2.0,33.0,725.0,83.0,1414.0,25007.0,29643.0,26784.0,2.0,28.0,29358.0,89.0,14.0,12.0,29026.0,241.0,3.0,6.125140106810839,3.4317927078525745,39.35188237621151,23.788488165095274,0.006378364587319812,2.3121571629034317,0.26470213037377216,4.509503763235107,0.36675596377088915,0.778160479653017,97.72202808729479,6.938409854423293,24.020156774916014,15.053751399776036,49.304410892068304,17.63697501153821,47.68868980963046,0.6226203807390818,5.644627569864008,17.18701007838746,6.266517357222845,30.408734602463603,4.4333706606942895,20.95632698768197,14.912653975363943,1.5621500559910415,2.1903695408734603,2.079030418436277,12.279418522733938,49.847842670747944
LAMPA,143119.0,44708.0,49536.0,71255.0,71864.0,12245.0,19828.0,9358.0,13444.0,49206.0,23931.0,15107.0,17686.0,34356.0,26221.0,1421.0,5031.0,2852.0,38265.0,52830.0,43661.0,29926.0,2048.0,66921.0,4774.0,36081.0,23096.0,42908.0,27408.0,18233.0,3593.0,2285.0,1650.0,6266.0,3436.0,22081.0,20511.0,17368.0,14539.0,4821.0,3228.0,522.0,2704.0,1517.0,47043.0,1936.0,352.0,34.0,3228.0,606.0,2888.0,24949.0,43103.0,43448.0,208.0,4898.0,36394.0,5777.0,1663.0,52.0,30760.0,11430.0,140.0,6.0481345620470615,7.22018430705914,38.84763353314843,32.519906951775965,0.710594315245478,6.516472868217055,1.2233527131782944,5.830103359173126,15.124354005167959,23.356750645994833,96.41003847186185,12.357548613391653,10.555551673781958,22.41002242888785,45.8776952670663,14.015388744743671,20.90987220424961,1.4309770191239457,6.658762814701165,16.13761974301106,3.5152565347717637,26.7364920101454,1.9927472942097135,19.150497138744683,12.739748041839308,1.5965734808096759,2.5104982566954774,4.067323088763863,12.428402534639133,41.039358843340715
LAS CONDES,292863.0,114871.0,127632.0,136370.0,156493.0,15398.0,23016.0,11704.0,29088.0,90470.0,53461.0,69726.0,29754.0,95969.0,25597.0,1795.0,19216.0,13186.0,94258.0,46892.0,60365.0,163563.0,871.0,151631.0,7586.0,90040.0,54217.0,95373.0,61018.0,36141.0,10810.0,4644.0,1236.0,31264.0,23262.0,26070.0,55990.0,37579.0,23793.0,44581.0,2371.0,913.0,4235.0,1352.0,34592.0,92862.0,11.0,25.0,1798.0,118.0,3880.0,99675.0,113208.0,89679.0,16.0,33.0,112565.0,19.0,13.0,16.0,112356.0,56.0,11.0,3.6867442609535916,2.064054461091137,32.71408797694805,20.71279957517563,0.008618528268772721,1.4087376206593958,0.09245330324683465,3.0399899711671052,0.037608123354644606,0.05249467218252476,98.5522890895004,10.15969924503949,23.808401880742874,13.116713275490588,48.741631917542286,27.216616900697304,55.84966349453499,0.29740868597262204,4.764566597787924,18.51275169618559,6.561429747014816,32.18501483628864,4.502446536435125,20.83499793418766,12.340582456643551,1.5857243830733143,3.691145689281336,1.2396412449370215,11.61397626196289,50.44658284618252
LO BARNECHEA,109551.0,31469.0,35385.0,52095.0,57456.0,7032.0,13194.0,7167.0,13042.0,27143.0,23176.0,18797.0,11539.0,37918.0,6342.0,391.0,5375.0,2656.0,34025.0,29322.0,24780.0,45120.0,656.0,51917.0,2469.0,31793.0,20899.0,30253.0,28287.0,7558.0,2649.0,517.0,509.0,4244.0,4211.0,12013.0,13181.0,12253.0,9749.0,6321.0,889.0,339.0,1207.0,699.0,22870.0,12320.0,95.0,36.0,914.0,166.0,1524.0,25376.0,30901.0,25919.0,16.0,284.0,30137.0,252.0,64.0,238.0,29521.0,811.0,9.0,3.835520671136674,2.8250023832978486,38.9367313864438,30.979694302329275,0.26847534265931894,2.5830154020064997,0.46912533559417835,4.30690970750318,1.5656351561396071,2.3173661155857004,98.19504909593569,10.532993765460835,17.158218546612993,18.462633841772323,41.88566525787283,13.48628809304395,41.186296793274366,0.5988078611788117,4.5397712646637,19.07695958959754,4.906390630847733,31.05859371434309,2.4244415842849447,25.820850562751595,6.899069839618077,0.47192631742293545,2.4180518662540735,1.8158087110972116,10.340004122284457,48.840088385652905
LO ESPEJO,85958.0,26908.0,26875.0,42335.0,43623.0,5196.0,8767.0,4622.0,8311.0,23973.0,15049.0,20040.0,6202.0,19852.0,10440.0,467.0,4596.0,4624.0,30548.0,38793.0,30834.0,8414.0,2021.0,35275.0,4906.0,30206.0,15533.0,19264.0,6621.0,18367.0,2763.0,929.0,560.0,4780.0,4688.0,9637.0,14525.0,13200.0,1466.0,2320.0,3096.0,171.0,4561.0,2093.0,22625.0,4036.0,13.0,128.0,2323.0,99.0,4107.0,11677.0,24585.0,26535.0,39.0,89.0,24524.0,10.0,2.0,5.0,23781.0,34.0,8.0,16.950349338486696,11.505871859669986,49.05604281254645,5.448193845696448,0.04837209302325581,8.643720930232558,0.3683720930232558,15.281860465116278,0.06325581395348837,0.15627906976744185,91.36687973836777,7.215151585658113,23.31371134740222,16.243979617952952,53.98022892819979,17.764233685149396,9.788501361129855,2.351148235184625,12.209750877280307,18.07045301193606,5.346797273086857,35.53828613974267,5.379371320877638,7.702598943670165,21.367411991903023,1.080760371344145,3.2143605016403356,6.531130854142107,17.205038173028264,37.46725898851047
LO PRADO,90079.0,31344.0,30490.0,43619.0,46460.0,4713.0,8278.0,4414.0,8775.0,25151.0,18235.0,20513.0,11976.0,19782.0,12543.0,674.0,5534.0,4859.0,32265.0,35600.0,33172.0,14125.0,1527.0,41685.0,4234.0,29592.0,13739.0,27372.0,6986.0,24393.0,2925.0,943.0,595.0,6639.0,5409.0,9618.0,16873.0,14354.0,1937.0,5640.0,4286.0,120.0,3341.0,1661.0,20938.0,8827.0,26.0,597.0,2589.0,159.0,4179.0,15167.0,29263.0,30864.0,13.0,37.0,29310.0,10.0,5.0,2.0,27743.0,17.0,12.0,10.65913731495661,13.674068402246045,45.79504849412966,6.1798111281265955,0.0852738602820597,8.491308625778943,0.5214824532633651,13.706133158412594,0.05575598556903903,0.09511315185306658,93.36077080142931,13.294996614083193,22.772233261914543,14.42178532177311,53.8316743236345,21.181087289433385,15.680680291743915,1.6951786764950767,9.220584071952786,15.252167541824399,6.143496264390146,35.81855926464548,5.394154020359906,7.7554146915485305,27.079563494266147,1.046858868326691,3.2471497241310403,5.920233399397388,15.616112055079178,38.66595573435764
MACUL,122712.0,47090.0,50238.0,57924.0,64788.0,5995.0,10495.0,5288.0,10822.0,41146.0,22067.0,26899.0,16892.0,29231.0,18450.0,1043.0,8066.0,5631.0,41935.0,32263.0,37203.0,44504.0,1046.0,64109.0,4909.0,35052.0,21198.0,42119.0,17749.0,30324.0,3481.0,2162.0,1177.0,11499.0,7517.0,12704.0,24612.0,14497.0,9165.0,15686.0,2831.0,226.0,3384.0,1294.0,22119.0,27919.0,16.0,53.0,2198.0,172.0,3825.0,32371.0,45459.0,34415.0,12.0,20.0,45227.0,4.0,7.0,7.0,44684.0,14.0,9.0,7.186239116585262,6.0118921214695265,30.785729454236566,19.46273094075175,0.03184840160834428,4.375174170946296,0.342370317289701,7.613758509494804,0.03582945180938731,0.045782077311994906,96.53641962200042,13.765564899928288,21.920431579633615,13.437968576830302,52.2658738585687,24.419197281800805,36.267031749136194,0.8524023730360519,7.112637283027616,17.274594171719144,6.573114283851621,34.1735119629702,4.588793272051634,14.463948106134689,24.711519655779384,1.7618488819349372,2.8367233848360387,3.1654754880888865,13.665961644380932,42.31590190663885
MAIPÚ,498041.0,165140.0,167104.0,237923.0,260118.0,24766.0,48532.0,26235.0,50741.0,144740.0,96654.0,106373.0,27182.0,139155.0,60069.0,3187.0,28166.0,18649.0,167411.0,152149.0,179444.0,131129.0,4032.0,232672.0,23667.0,159484.0,74252.0,155606.0,63146.0,112243.0,10464.0,4553.0,3280.0,25097.0,24764.0,54742.0,84463.0,79110.0,39169.0,26714.0,8701.0,517.0,7664.0,3241.0,144332.0,21807.0,478.0,123.0,6502.0,922.0,10419.0,108118.0,159678.0,161765.0,86.0,565.0,159025.0,298.0,628.0,52.0,157499.0,973.0,75.0,4.640910742400388,5.268862783093133,47.904808041661624,23.718662952646238,0.28604940635771736,3.8909900421294523,0.5517522022213711,6.235039256989659,0.5852642665645347,0.627154346993489,96.69250333050745,5.457783596129636,21.358281747888224,14.717262233430581,51.146300108998425,15.19740825965847,26.328956852949858,0.8095719027148368,9.232695766153414,14.90881272826936,5.655357691435042,33.613899257290065,3.744470836738341,12.67887583552358,22.536899572525154,0.9141817641519473,2.1010318427599333,2.6543614711832775,14.028335894697557,44.14440530158965
MARÍA PINTO,15249.0,5204.0,5837.0,7514.0,7735.0,988.0,1664.0,858.0,1287.0,4213.0,2888.0,3351.0,274.0,4256.0,2325.0,53.0,705.0,587.0,4429.0,7095.0,4528.0,2247.0,447.0,6542.0,513.0,5283.0,2700.0,3722.0,2340.0,1334.0,364.0,437.0,126.0,921.0,1002.0,1876.0,2315.0,3776.0,171.0,220.0,225.0,171.0,521.0,119.0,5758.0,4.0,3.0,3.0,261.0,82.0,262.0,2394.0,4726.0,5087.0,32.0,1445.0,4588.0,523.0,13.0,3.0,2109.0,2806.0,35.0,10.01152959262106,4.323597232897771,72.55956956187548,3.2859338970023058,0.05139626520472845,4.4714750728113755,1.4048312489292445,4.488607161212952,9.234195648449546,48.672263148877846,90.81475787855496,1.7968391369925896,21.975211489277985,17.391304347826086,44.48501152959262,17.69792467332821,14.735392484753099,2.931339759984261,7.271438695960312,17.706079087153256,4.623253983867794,29.044527510000655,3.8494327496885044,15.34526854219949,8.74811463046757,2.865761689291101,2.3870417732310316,3.629624857303925,14.107579385063945,47.420493898139455
MELIPILLA,131467.0,44618.0,50378.0,64179.0,67288.0,8796.0,14755.0,7256.0,12267.0,38554.0,23487.0,26352.0,9242.0,32846.0,19136.0,887.0,6251.0,5063.0,41333.0,54739.0,41323.0,22410.0,3035.0,55517.0,5387.0,44487.0,18571.0,36088.0,15904.0,13308.0,4682.0,2766.0,618.0,8108.0,7403.0,16639.0,21964.0,26424.0,3522.0,5388.0,3634.0,838.0,3554.0,1254.0,46466.0,3398.0,90.0,87.0,2524.0,391.0,3019.0,21366.0,41005.0,43822.0,243.0,7569.0,40085.0,2980.0,303.0,53.0,29264.0,12746.0,99.0,7.965395132009504,8.144694966157157,59.22273521896992,7.893675198350442,0.1786494104569455,5.01012346659256,0.776132438762952,5.99269522410576,6.621938147604113,25.497240859105162,91.9023712403066,7.029901039804666,20.04457392349411,17.914001232248395,49.22676946523825,18.172038190864672,17.0461028242829,2.308564126358706,8.845067647445159,14.125978382407753,4.754805388424471,31.439829006518742,3.8511565640046554,12.097332410414781,10.12269238668259,2.103950040694623,3.561349996577088,3.898807373155266,15.100422408794223,43.68059214312012
PADRE HURTADO,79514.0,25504.0,28140.0,38894.0,40620.0,6040.0,9930.0,4422.0,7060.0,26998.0,13713.0,11351.0,4688.0,20454.0,13151.0,917.0,3497.0,2341.0,21866.0,27735.0,26015.0,17692.0,1084.0,37315.0,3065.0,21670.0,11635.0,25166.0,14133.0,12073.0,2103.0,1341.0,811.0,3593.0,2649.0,11363.0,12214.0,9175.0,9037.0,2677.0,1767.0,208.0,2140.0,497.0,26683.0,1344.0,29.0,32.0,1419.0,96.0,1660.0,15207.0,24398.0,24750.0,32.0,1241.0,23822.0,824.0,34.0,11.0,22446.0,1682.0,23.0,8.390840652446675,6.928324968632371,35.97474905897114,35.433657465495614,0.10305614783226724,5.042643923240938,0.3411513859275053,5.899076048329779,3.0881307746979387,6.058990760483298,95.66342534504392,5.895817088814549,14.275473501521743,20.08451341902055,47.8905269761606,14.087986198243414,22.250169781422137,1.3632819377719647,7.590391282813274,14.632643308096688,4.397967653494982,27.499559825942598,2.9441356239152854,17.774228437759387,15.183489699927058,1.686495459919008,2.6448172648841712,3.664434900020421,13.280186928258114,40.15500640867864
PAINE,76737.0,25076.0,29998.0,37776.0,38961.0,4877.0,8895.0,4506.0,7538.0,22269.0,14399.0,14253.0,4716.0,19867.0,11435.0,549.0,3586.0,2599.0,23467.0,32446.0,23915.0,13049.0,1688.0,33867.0,2887.0,24567.0,11005.0,22244.0,11324.0,6932.0,2636.0,2547.0,659.0,4234.0,3896.0,9735.0,11928.0,14019.0,2309.0,2299.0,2064.0,725.0,3047.0,611.0,29161.0,345.0,36.0,17.0,1626.0,431.0,2067.0,12418.0,23499.0,24545.0,195.0,8010.0,21360.0,2672.0,152.0,75.0,11640.0,11858.0,54.0,12.151060775243261,8.23097782740469,55.906045621311215,9.20800765672356,0.12000800053336888,5.420361357423828,1.4367624508300554,6.890459363957597,9.663977598506566,39.70931395426362,93.71111820066996,6.145666366941631,18.573830094999806,17.947013826446174,47.56739511883873,16.88467060137183,17.004834695127514,2.1997211254023483,7.8549273548457315,14.34119134185595,4.673104239154515,30.58107562192945,3.386892893910369,14.756896933682578,9.03345192019495,3.319128972985652,3.435109529952956,4.795588342567337,13.992107961404564,43.56686712180213
PEDRO AGUIRRE CERDA,94610.0,31726.0,30436.0,46212.0,48398.0,5055.0,8974.0,4549.0,8521.0,26356.0,16594.0,24561.0,8769.0,21730.0,11456.0,577.0,6030.0,5335.0,33924.0,37838.0,34090.0,15006.0,1620.0,41644.0,4500.0,32726.0,15691.0,25363.0,8547.0,20467.0,3734.0,1481.0,715.0,6464.0,6255.0,10021.0,17050.0,14012.0,2373.0,4368.0,3726.0,199.0,4230.0,2815.0,25656.0,4433.0,12.0,284.0,2361.0,105.0,4427.0,15356.0,29309.0,31143.0,24.0,63.0,29090.0,12.0,13.0,5.0,28103.0,16.0,15.0,13.332913068145999,11.744310660026477,44.16566853684675,7.479669671562757,0.03942699434879748,7.757261138125903,0.34498620055197793,14.545275331843868,0.0985674858719937,0.10185306873439347,92.38164281661729,9.268576260437586,25.96025790085615,14.82824225768946,53.74141083023388,20.37445628191389,15.860902652996511,1.712292569495825,9.752080443828017,16.58492759750555,6.373533453123348,35.85667477010887,5.638938801395201,9.033928760173342,21.633019765352497,1.5653736391501953,3.946728675615686,5.7950307927651,16.006568737414817,38.29108567231111
PEÑAFLOR,93036.0,30243.0,32479.0,44899.0,48137.0,5548.0,10598.0,5405.0,9035.0,26787.0,18400.0,17263.0,3196.0,23783.0,12454.0,701.0,5257.0,3493.0,29641.0,33140.0,32244.0,19762.0,1448.0,40129.0,4267.0,30718.0,13108.0,26402.0,14052.0,13511.0,2499.0,1674.0,551.0,4793.0,4214.0,11579.0,15279.0,13168.0,7555.0,3924.0,1868.0,293.0,2526.0,902.0,29709.0,2534.0,81.0,17.0,1770.0,245.0,2257.0,17426.0,28613.0,29766.0,46.0,1558.0,27442.0,1712.0,133.0,31.0,26590.0,2208.0,35.0,8.35234599742089,6.176635915749099,43.54065403564461,24.98098733591244,0.24939191477570122,5.449675174728286,0.7543335693832938,6.949105575910589,5.776039902706364,6.9060008005172575,94.61032304996198,3.43522937357582,18.55518293993723,17.35457242357797,50.52078166848527,15.848295473332671,21.241239950126833,1.5563867750118234,9.611226236597892,14.089169783739628,5.6505008813792506,31.8597102196999,3.754460638892472,15.103830775183798,14.522335440044715,1.7993034954211273,2.686057010189604,3.7802278559585334,14.724040135938885,41.37739896076059
PEÑALOLÉN,232654.0,74510.0,73930.0,112222.0,120432.0,11856.0,24361.0,13154.0,24328.0,65031.0,49196.0,44728.0,18671.0,59861.0,29338.0,1524.0,12274.0,8966.0,80414.0,82942.0,74127.0,57444.0,3528.0,112892.0,9789.0,69252.0,39531.0,71986.0,34539.0,50891.0,6615.0,2508.0,1924.0,11873.0,10182.0,26371.0,39482.0,32968.0,13180.0,11365.0,6747.0,374.0,7199.0,2664.0,60951.0,12439.0,60.0,295.0,4401.0,355.0,6910.0,44471.0,70747.0,71290.0,35.0,139.0,70339.0,80.0,28.0,633.0,68273.0,855.0,43.0,9.661790363709569,9.055160381156892,44.24640987786874,17.688900818682058,0.08115785202218315,5.952928445827134,0.48018395779791695,9.346679291221426,1.002299472473962,1.2146625185986744,94.94967118507583,8.02522200349016,19.225115407429058,15.566893326570789,52.98886055563011,15.934773855858275,24.690742475951414,1.5164149337643023,7.979230687718554,16.991326175350522,5.275645378974787,34.563772812846544,3.853791467157238,14.845650622813276,21.87411349041925,1.0779956501929904,2.843278000808067,4.432052283040669,14.633227254613708,42.64021006772387
PIRQUE,27639.0,8692.0,9701.0,13680.0,13959.0,1685.0,3050.0,1531.0,2566.0,7618.0,5499.0,5690.0,445.0,8424.0,3840.0,183.0,1234.0,920.0,7788.0,9678.0,8348.0,7181.0,371.0,12966.0,916.0,8430.0,5026.0,7721.0,5829.0,3072.0,546.0,435.0,173.0,1213.0,1390.0,3363.0,3788.0,5280.0,939.0,665.0,381.0,298.0,992.0,136.0,9589.0,2.0,29.0,8.0,437.0,106.0,557.0,5333.0,8293.0,8434.0,31.0,3109.0,6848.0,1019.0,235.0,336.0,1316.0,6809.0,30.0,11.41279337321675,4.383341003221353,60.74551311550851,10.803037275655775,0.29893825378826927,4.504690238119782,1.0926708586743634,5.741676115864344,16.39006288011545,70.49788681579219,95.4095720202485,1.6100437787184774,20.58685191215312,17.131589420746046,43.58030372756558,13.955361251725726,25.981403089836824,1.34230616158327,6.598472842529896,18.184449509750714,4.464705669524947,28.177575165526974,3.328629834653931,21.08976446325844,11.114729187018343,1.573863019646152,1.9754694453489634,3.8285480814219053,12.178786133605776,49.317942158304994
PROVIDENCIA,142742.0,68609.0,75834.0,66673.0,76069.0,6727.0,9220.0,3974.0,11827.0,56570.0,25101.0,29323.0,15618.0,35516.0,21500.0,1664.0,9863.0,5847.0,51055.0,17122.0,27578.0,89181.0,244.0,85469.0,3749.0,36108.0,26110.0,58314.0,24345.0,27438.0,9653.0,5754.0,672.0,26590.0,12145.0,12091.0,36496.0,16557.0,12851.0,32506.0,2592.0,481.0,2772.0,835.0,7570.0,67810.0,6.0,358.0,1080.0,60.0,2916.0,61784.0,67685.0,52201.0,3.0,4.0,66684.0,5.0,1.0,3.0,66504.0,12.0,9.0,4.040286259820141,3.777930009182469,24.132402454488478,18.730778760803975,0.007912018355882585,1.4241633040588655,0.07912018355882586,3.8452409209589367,0.011868027533823879,0.02769206424558905,98.65323791339328,10.941418783539532,20.54265738184977,11.171904555071388,53.19418735151365,38.75584835808713,62.47705650754508,0.17093777584733294,4.202066847497142,18.291743144974852,6.909669193369856,35.767328466744196,4.096201538439983,17.055246528702135,19.22209300696361,4.031049025514564,6.762550615796332,1.5501357159259908,12.278882490165385,49.124534577029145
PUDAHUEL,224986.0,73084.0,72656.0,108212.0,116774.0,12748.0,24069.0,12750.0,22619.0,66112.0,44495.0,42193.0,15029.0,56668.0,30323.0,1634.0,11906.0,8362.0,75423.0,84090.0,78391.0,43586.0,3267.0,103717.0,10256.0,69815.0,35985.0,66224.0,26413.0,50048.0,5542.0,2491.0,1396.0,11505.0,9699.0,26864.0,38712.0,33471.0,15004.0,10512.0,6226.0,477.0,5320.0,2063.0,59144.0,13081.0,132.0,139.0,4372.0,377.0,7189.0,40332.0,69351.0,71873.0,69.0,920.0,67727.0,1266.0,190.0,30.0,65789.0,2036.0,43.0,7.279295057741776,8.51896447922938,45.79798587926222,20.52980132450331,0.18167804448359393,6.017397049108126,0.518883505835719,9.894571680246642,2.045254349262277,2.8614292006166044,94.89217886267856,6.679971198207888,18.75361133581645,16.36412932360236,52.96918614197362,15.742159706638937,19.372760971793802,1.4520903522885868,8.998622480762988,15.994328535997795,5.291884828389322,33.523419234974625,3.716675704266043,11.739841590143387,22.244939685135964,1.107180002311255,2.4632643808948114,4.040144678178353,14.933401845026129,40.8776281458812
PUENTE ALTO,560713.0,180028.0,187499.0,269955.0,290740.0,32398.0,62247.0,32689.0,57618.0,166996.0,105959.0,102788.0,25885.0,144675.0,75295.0,3739.0,29102.0,17941.0,185473.0,198282.0,193460.0,122951.0,6517.0,259585.0,26014.0,169670.0,84442.0,171788.0,66142.0,131879.0,12143.0,3724.0,3436.0,26232.0,23681.0,68137.0,93352.0,87052.0,45148.0,22640.0,10938.0,710.0,9108.0,4416.0,165820.0,20374.0,563.0,422.0,9118.0,1031.0,12129.0,109247.0,172690.0,177102.0,142.0,1161.0,174314.0,183.0,520.0,118.0,171285.0,1747.0,82.0,5.059213011309352,6.075721554424867,48.354700379940894,25.078321150043326,0.30026826809742985,4.862959269116102,0.5498695993045297,6.4688345004506695,0.4378690019680105,0.9754718691833024,95.92396738285156,4.616443706495123,18.33165986877422,16.879401761685568,51.854156020174635,14.571066722954207,21.92761715886737,1.1622701810016889,9.10857531013764,15.059754277143567,5.190177506139505,33.07806310893452,3.1996761266458957,11.796052525980315,23.519875586975868,0.6641543891438223,2.165635539036905,3.0835010555847764,14.412979496613753,42.62869924340885
QUILICURA,203623.0,64323.0,66256.0,98581.0,105042.0,12798.0,22796.0,12797.0,22835.0,61385.0,42093.0,28919.0,26247.0,53085.0,27774.0,1365.0,9603.0,5242.0,67194.0,70872.0,73760.0,41627.0,1889.0,97377.0,9137.0,57397.0,29948.0,66324.0,26566.0,43770.0,5320.0,3364.0,1925.0,8590.0,6251.0,25809.0,32494.0,26086.0,18317.0,12080.0,4506.0,247.0,2146.0,935.0,49120.0,16508.0,255.0,178.0,3595.0,391.0,5202.0,38578.0,62476.0,63213.0,35.0,168.0,61844.0,138.0,296.0,19.0,61453.0,277.0,23.0,3.336287175660339,7.005270276572921,40.55470049593458,28.476594686193117,0.3848708041535861,5.425923689929968,0.5901352330354986,7.8513644047331566,0.6837116638493118,0.45278918135716006,97.128554327379,12.88999769181281,14.202226663981968,17.480343576118614,50.516922407226026,13.354476625779272,20.44317194030144,0.9276948085432393,8.578215070319395,14.707572327291121,4.716068420561528,32.99921914518497,2.57436537129892,13.04665975847522,21.49560707778591,1.6520727029854192,2.612671456564337,3.132222509407073,13.626634122832083,40.334404548041654
QUINTA NORMAL,127669.0,44983.0,46076.0,62221.0,65448.0,7591.0,12606.0,6258.0,12307.0,42177.0,22638.0,24092.0,34930.0,26951.0,20206.0,912.0,6955.0,5134.0,45109.0,40884.0,47684.0,28029.0,1115.0,64789.0,5726.0,34387.0,20410.0,43550.0,11608.0,35322.0,4856.0,1991.0,1323.0,10030.0,6308.0,14929.0,22985.0,11696.0,5423.0,15268.0,5124.0,388.0,4274.0,2805.0,25611.0,18187.0,85.0,1952.0,4138.0,343.0,6426.0,23889.0,42905.0,40563.0,28.0,50.0,42393.0,12.0,11.0,10.0,40185.0,52.0,26.0,9.501367183158083,11.390969921970521,26.00093368605918,12.05566547362337,0.1844778192551437,8.980814306797464,0.7444222588766386,13.946523135688862,0.07162080041670284,0.16928552825766124,95.380477069115,27.35981326712044,18.870673381948635,15.819815303636748,51.097081119534046,22.297312317986794,21.954429031323187,0.873352184163736,8.120258101113238,15.986652985454574,5.447681112877833,35.33277459680894,4.021336424660646,9.092262021320758,27.666857263705364,1.5595015234708505,3.803585835245831,5.602055271038845,14.028712433002966,35.28115663330186
RECOLETA,150729.0,54021.0,54304.0,73715.0,77014.0,8586.0,14471.0,7456.0,14562.0,46564.0,28300.0,30790.0,32251.0,30764.0,22663.0,1280.0,8611.0,6866.0,54951.0,55173.0,54486.0,28167.0,2072.0,72610.0,7053.0,45143.0,25751.0,45771.0,12339.0,38133.0,7017.0,2622.0,1060.0,13648.0,8135.0,16700.0,27917.0,17501.0,4587.0,13199.0,9881.0,388.0,5916.0,2544.0,33078.0,14508.0,57.0,6326.0,5867.0,425.0,8914.0,26806.0,50635.0,49367.0,34.0,53.0,50465.0,30.0,17.0,15.0,45718.0,51.0,35.0,10.951296717943022,18.29103496788286,32.39666055793117,8.491142333536958,0.10496464348850913,10.80399233942251,0.782631113730112,16.41499705362404,0.11417206835592222,0.158367707719505,93.73206715906777,21.39667880766143,20.427389553436964,15.296989962117443,51.67805112826493,25.26424908831751,18.687180303723903,1.374652522076044,8.853545560674341,17.08430361775106,5.712901963125875,36.45681985550226,4.555195085219168,8.186214995123699,25.29904663336186,1.739545807376152,4.655374878092471,7.3039985448597395,14.902320234607359,35.70880868933482
RENCA,142305.0,45949.0,46008.0,69260.0,73045.0,9119.0,16144.0,8528.0,14485.0,41534.0,26560.0,25935.0,11847.0,31755.0,20373.0,965.0,7152.0,5645.0,48569.0,59348.0,50506.0,19095.0,2433.0,63319.0,6790.0,44103.0,21821.0,40589.0,14654.0,31087.0,3779.0,2123.0,1207.0,7641.0,6195.0,17813.0,24869.0,21912.0,7024.0,6325.0,4517.0,237.0,4447.0,1480.0,33829.0,11539.0,67.0,466.0,3409.0,233.0,5337.0,22512.0,42870.0,45059.0,56.0,113.0,43321.0,37.0,14.0,17.0,42081.0,90.0,22.0,9.678121395460185,9.830464210320137,47.68765370301856,15.28651330823304,0.14562684750478178,7.409580942444792,0.506433663710659,11.600156494522691,0.14780038254216657,0.24343592418709792,93.29909247208862,8.32507642036471,18.224939390745227,17.752714240539685,54.12304946788831,16.629306404927203,13.418361969010226,1.7097080215031095,9.684919197249997,15.33396577773093,5.025824812901866,34.13021327430519,3.9668318049260387,10.297600224869118,21.845332208987738,1.491866062330909,2.6555637539088575,4.934416861906867,15.832739540106285,39.05114324100018
SAN BERNARDO,300432.0,96073.0,99731.0,145357.0,155075.0,19688.0,35356.0,18627.0,31029.0,90627.0,54901.0,50204.0,17160.0,71895.0,42646.0,1962.0,14661.0,10502.0,98054.0,114735.0,103636.0,53713.0,4681.0,133199.0,14427.0,91428.0,43301.0,88171.0,33882.0,61853.0,8224.0,3120.0,2025.0,15250.0,12020.0,38648.0,49874.0,43352.0,20663.0,12567.0,8676.0,816.0,7493.0,2498.0,79747.0,18909.0,244.0,561.0,6370.0,579.0,8497.0,53577.0,91483.0,93905.0,129.0,1487.0,91900.0,271.0,357.0,35.0,88106.0,2554.0,93.0,7.799277632633518,9.030632956189564,45.124020276248274,21.50760359310108,0.24465813037069717,6.387181518284185,0.580561711002597,8.519918580982843,0.6647882804744764,2.6541396356198175,95.22238297960925,5.711775043936731,16.71060339777387,18.321616871704745,51.912608120908054,15.873346309577094,17.878588166373753,1.5580896841881025,9.772668771083683,14.412912073281142,4.879972839111679,32.63766842413591,3.4956329552111627,11.27776002556319,20.588019917984766,1.0385045534430422,2.7373914895883265,4.315354021719298,14.89824893165143,40.2008111338211
SAN JOAQUÍN,94824.0,33155.0,33528.0,45572.0,49252.0,4927.0,8722.0,4478.0,9306.0,28666.0,16944.0,21781.0,13623.0,20867.0,13010.0,728.0,5814.0,4798.0,34587.0,32780.0,34151.0,20778.0,1101.0,45026.0,4149.0,30470.0,14881.0,29511.0,9835.0,21948.0,3989.0,1780.0,740.0,7348.0,5672.0,9966.0,17331.0,12279.0,3585.0,7427.0,3448.0,208.0,3936.0,2271.0,22099.0,10276.0,25.0,1033.0,2449.0,150.0,3958.0,18656.0,31118.0,29611.0,21.0,41.0,31223.0,10.0,8.0,8.0,29882.0,25.0,19.0,11.871512592369175,10.399638063640475,37.03513798823707,10.812848740763084,0.07456454306848007,7.304342638988308,0.4473872584108805,11.805058458601765,0.07754712479121928,0.13123359580052493,93.85613029708942,14.366616046570488,22.969923226187465,14.39403526533367,52.272658724174335,22.162569748152617,21.91217413313085,1.1610984560870665,8.437214031520082,15.693284400573695,6.1313591495823845,36.4749430523918,5.059900447144183,10.371846789842234,23.146038977474056,1.877161899940943,4.206740909474395,5.293517981364941,14.811937994040303,38.529789053796705
SAN JOSÉ DE MAIPO,16357.0,5906.0,7562.0,8100.0,8257.0,919.0,1622.0,839.0,1471.0,4541.0,3268.0,3697.0,568.0,4016.0,2564.0,134.0,923.0,657.0,5260.0,5626.0,5244.0,4119.0,275.0,7677.0,628.0,5223.0,3051.0,4476.0,2436.0,1696.0,1051.0,48.0,54.0,1357.0,1133.0,1882.0,2862.0,2990.0,402.0,671.0,334.0,310.0,840.0,359.0,7472.0,15.0,34.0,4.0,299.0,99.0,358.0,3398.0,5588.0,5728.0,93.0,2546.0,4296.0,310.0,293.0,857.0,1995.0,3140.0,23.0,14.222824246528953,5.655265831357941,50.626481544192345,6.806637317981713,0.449616503570484,3.95398042845808,1.3091774662787623,4.734197302300978,19.307061623909018,41.82755884686591,94.61564510667118,3.4725194106498747,22.601944121782722,15.534633490248822,48.459194039959364,22.97663393159499,25.1818793177233,1.6812373907195695,7.561709813365443,18.65256465121966,5.642844042306047,32.15748609158159,4.016628966191845,14.892706486519533,10.368649507855963,0.29345234456196123,6.425383627804609,4.387426286081341,13.726749823013604,44.644178577212834
SAN MIGUEL,149778.0,59786.0,65322.0,70667.0,79111.0,8769.0,13086.0,6031.0,12641.0,60939.0,24058.0,24254.0,38899.0,34419.0,27782.0,1517.0,8054.0,4757.0,49023.0,31985.0,42146.0,63648.0,602.0,86180.0,5078.0,34068.0,22011.0,63288.0,21736.0,43990.0,5196.0,1544.0,1478.0,15970.0,6997.0,17077.0,30051.0,10636.0,13862.0,28275.0,2773.0,212.0,2562.0,1460.0,14460.0,50114.0,12.0,668.0,3573.0,91.0,5148.0,44620.0,58538.0,39257.0,7.0,18.0,58012.0,8.0,5.0,3.0,57450.0,16.0,7.0,4.285284180242866,4.638209614290971,17.790118087846654,23.186030174288295,0.01837053366400294,5.469826398456875,0.13930988028535563,7.88095894185726,0.02449404488533725,0.0352101895226723,97.91255477871074,25.971103900439317,16.19329941646971,14.591595561430918,50.26427591743886,26.711939249991634,42.49489244081241,0.40192818705016753,5.564443665212913,14.695749709570164,5.377291725086461,32.73044105275808,3.1760338634512415,14.512144640734952,29.370134465675868,1.0308590046602304,3.469134318791812,2.7444822455984337,12.344531635136502,40.57044304248686
SAN PEDRO,11015.0,3931.0,5317.0,5645.0,5370.0,737.0,1256.0,555.0,990.0,2976.0,1970.0,2531.0,1180.0,2866.0,1945.0,71.0,393.0,441.0,3157.0,5549.0,3310.0,1044.0,346.0,4684.0,185.0,3989.0,2215.0,2388.0,1665.0,330.0,401.0,77.0,43.0,892.0,900.0,1371.0,1483.0,2721.0,45.0,124.0,496.0,198.0,287.0,58.0,5300.0,1.0,2.0,0.0,282.0,50.0,274.0,1356.0,3355.0,3806.0,100.0,1573.0,1994.0,1520.0,330.0,13.0,937.0,2531.0,28.0,7.300941236326635,12.617654540829307,69.2190282370898,1.1447468837445942,0.03761519653940192,5.30374271205567,0.9403799134850479,5.153281925898063,35.038555576452886,48.12864397216475,85.3472398880692,10.712664548343168,22.97775760326827,18.093508851566046,37.72576952429407,22.691427117781735,9.477984566500226,3.141171130276895,3.7995481618402134,20.10894235133908,3.5678620063549706,28.660916931457102,4.003631411711303,15.115751248297776,2.9959146618247843,0.699046754425783,3.6404902405810255,4.556343062266452,13.133501163962803,43.70170206835041
SAN RAMÓN,74802.0,24508.0,23355.0,36766.0,38036.0,4039.0,7267.0,3855.0,7465.0,20082.0,14858.0,17236.0,5659.0,16852.0,9357.0,496.0,4580.0,4311.0,26687.0,32262.0,27040.0,9047.0,1591.0,32706.0,3888.0,25547.0,12438.0,19800.0,6354.0,17289.0,2786.0,764.0,510.0,4770.0,4306.0,8010.0,12872.0,12084.0,1073.0,2873.0,2686.0,162.0,4128.0,1497.0,20007.0,2968.0,53.0,87.0,1879.0,286.0,4786.0,11105.0,22620.0,24135.0,30.0,84.0,21318.0,9.0,9.0,2.0,20486.0,23.0,11.0,16.843479680104455,10.959686632936185,49.306348947282515,4.37816223274033,0.22693213444658533,8.045386426889317,1.2245771783344037,20.492399914365233,0.08563476771569258,0.14557910511667738,92.29639301452586,7.565305740488222,23.042164648004064,15.114569129167668,52.52162559164355,19.463032479190467,12.094596401165743,2.126948477313441,10.624692572552878,16.627897649795457,6.122830940349189,35.67685356006524,5.763214887302478,8.494425282746452,23.11301836849282,1.0213630651586856,3.7244993449373007,6.533352275151342,16.149371755791467,38.578447263988934
SANTIAGO,432081.0,203830.0,236565.0,219003.0,213078.0,21279.0,30057.0,13986.0,45429.0,199846.0,69821.0,51663.0,174413.0,69538.0,91176.0,5269.0,21558.0,9509.0,178758.0,87245.0,142736.0,173448.0,1764.0,273901.0,15447.0,85340.0,79062.0,191684.0,30211.0,142638.0,38868.0,11786.0,4979.0,83149.0,20415.0,40440.0,98303.0,23012.0,23964.0,127680.0,19364.0,1322.0,6447.0,1985.0,27385.0,196060.0,53.0,12499.0,19388.0,570.0,25576.0,134239.0,198898.0,109225.0,34.0,41.0,197014.0,58.0,18.0,27.0,188633.0,53.0,37.0,3.1629298925575235,9.50007359073738,11.289800323799245,11.75685620369916,0.0224039904466003,8.195633335446917,0.24094857650117305,10.811404899287721,0.04353983049056284,0.038044512079132585,97.58033655497228,40.36581104005962,11.956785880425198,11.881105626028452,48.22793504390914,40.79330814894765,40.14247328625883,0.4082567851861109,5.3385542668344,18.297958021759808,4.9893422761010084,41.37140952738028,2.2007447677634517,6.9919760415292505,33.011865830712296,2.727729291498585,8.995535559304853,4.013076798570578,11.954133346385607,36.344144602317726
TALAGANTE,74653.0,23791.0,26796.0,36560.0,38093.0,4592.0,8386.0,4303.0,7138.0,21848.0,14090.0,14296.0,3878.0,19549.0,9857.0,493.0,4111.0,2724.0,23598.0,27398.0,25267.0,15190.0,1235.0,32372.0,3166.0,24633.0,10718.0,21170.0,11247.0,9066.0,2510.0,1411.0,378.0,3674.0,3428.0,9117.0,12217.0,12150.0,3946.0,3156.0,1505.0,309.0,2047.0,674.0,24700.0,1798.0,120.0,17.0,1299.0,293.0,1739.0,12973.0,22464.0,23305.0,79.0,2093.0,18967.0,3864.0,260.0,41.0,18407.0,4118.0,31.0,8.604093985120425,6.325921566979109,51.06973225169181,16.586103988903368,0.44782803403493054,4.8477384684281235,1.0934467831019554,6.489774593222869,15.543364681295715,15.483654276757724,94.42226051868353,5.194700815774316,19.149933693220632,17.384431971923433,51.35135135135135,15.442814509688537,20.347474314495066,1.6543206569059516,8.90877370701784,14.357092146330356,5.506811514607585,31.610250090418333,3.6488821614670544,15.06570399046254,12.144187105675593,1.890078094651253,3.3622225496631084,3.8143642525044363,14.750917416931227,43.32275487168528
TILTIL,19511.0,6494.0,8139.0,9809.0,9702.0,1371.0,2220.0,1126.0,1782.0,5716.0,3505.0,3791.0,989.0,5004.0,3263.0,132.0,914.0,685.0,5637.0,7844.0,6277.0,3581.0,413.0,8622.0,667.0,6324.0,2324.0,6149.0,3058.0,1477.0,1174.0,411.0,113.0,1138.0,1079.0,2500.0,3027.0,3668.0,671.0,518.0,478.0,200.0,745.0,214.0,8064.0,2.0,11.0,5.0,394.0,70.0,382.0,3318.0,6027.0,6313.0,89.0,1919.0,5394.0,312.0,593.0,43.0,2753.0,3096.0,33.0,11.472128118263011,7.360640591315059,56.48290729904527,10.332614721281184,0.13515173854281853,4.840889544170046,0.8600565179997542,4.693451283941516,11.647622558053815,38.444526354589016,92.80874653526332,5.068935472297678,19.430065091486853,18.405002306391268,46.6122574684324,17.523868186017864,18.35374916713649,2.1167546512223874,7.1805361179890195,11.911229562810723,4.684536927886833,28.891394597919124,3.5108400389523857,15.673209984111528,7.570088667930911,2.1065040233714316,6.017118548511096,4.277182169687724,13.80361435807295,44.1473882437295
VITACURA,85380.0,30719.0,34125.0,39421.0,45959.0,5939.0,7937.0,4019.0,7513.0,23097.0,15859.0,21016.0,9008.0,31845.0,4813.0,374.0,5820.0,4024.0,23200.0,14188.0,15563.0,47507.0,171.0,42880.0,1647.0,25213.0,17449.0,24681.0,22960.0,4787.0,2139.0,2123.0,443.0,6580.0,7327.0,8598.0,14669.0,11846.0,7185.0,10113.0,387.0,110.0,722.0,350.0,11739.0,22361.0,1.0,2.0,344.0,12.0,633.0,27440.0,30425.0,22868.0,1.0,7.0,30361.0,8.0,1.0,1.0,30322.0,17.0,1.0,2.3503369250301116,1.2598066343305447,38.56245320485693,23.389433249780268,0.0029304029304029304,1.008058608058608,0.035164835164835165,1.854945054945055,0.029304029304029304,0.05274725274725274,99.04293759562486,10.55048020613727,24.61466385570391,16.252049660342,47.75220547543865,21.419968097919853,55.64183649566643,0.20028109627547433,3.6988793316414763,20.436870461466388,6.816584680252986,27.172639962520496,4.713047552119934,26.89154368704615,5.606699461232139,2.486530803466854,2.505270555165144,0.8029134752960398,10.949440769742827,53.44818316669121
ÑUÑOA,239730.0,107714.0,120585.0,110759.0,128971.0,11489.0,17455.0,7856.0,18521.0,95933.0,40914.0,47562.0,32936.0,57584.0,40563.0,2662.0,16829.0,9395.0,80695.0,37170.0,51100.0,135272.0,698.0,141091.0,7533.0,58612.0,39909.0,99577.0,42860.0,58298.0,6288.0,7089.0,1531.0,35232.0,16567.0,22880.0,58109.0,24325.0,27502.0,45447.0,3787.0,268.0,4562.0,1804.0,21235.0,99016.0,4.0,184.0,2455.0,116.0,4859.0,90209.0,105882.0,70392.0,8.0,16.0,105129.0,9.0,2.0,4.0,104956.0,21.0,4.0,4.2352897487791745,3.515791819076443,22.582951148411535,25.532428467980022,0.0033171621677654767,2.035908280466061,0.09619770286519883,4.029522743293112,0.012439358129120536,0.02073226354853423,98.29919973262528,13.738789471488758,19.839819797271932,12.073582780628207,53.94749057689808,32.70884007649887,56.42681349851917,0.2911608893338339,5.0684949940790185,16.647478413214866,7.0199808117465485,33.660785049847746,3.918992199557836,17.878446585742296,24.318191298544196,2.9570767113002128,2.622950819672131,1.6963521634447107,12.80803690278046,46.938458657752726
